"","model","Df","AIC","BIC"
"1","hierarchical",33,85563.5384099785,85698.2240462365
"2","bifactor",24,85157.8935750458,85347.6778806821
"3","correlated traits",34,85561.5384099783,85690.1019718609
"4","unidimensional",35,86538.6405285658,86661.082016073
