"","model","Df","AIC","BIC"
"1","hierarchical",33,85624.4026511197,85759.0882873777
"2","bifactor",25,85366.0038303658,85549.6660616266
"3","correlated traits",34,85622.4026511198,85750.9662130024
"4","unidimensional",35,86593.6133301362,86716.0548176434
