"","DF","AIC","BIC","Chisq","Chisq_diff","DF_diff","p"
"configural MI",40,84835.9593896478,85386.9460834304,238.064928378621,NA,NA,NA
"weak MI",58,84853.8237523133,85294.6131073394,291.929291044106,53.8643626654845,18,1.92655572516943e-05
"strong MI",64,84873.0927480856,85277.1496568595,323.198286816414,31.2689957723082,6,2.25205981463017e-05
"strict MI",74,84886.595218093,85229.4313831133,356.700756823779,33.5024700073652,10,0.000224167961852748
