"","DF","AIC","BIC","Chisq","Chisq_diff","DF_diff","p"
"configural MI",48,85144.685132115,85646.6952308947,522.84772458084,NA,NA,NA
"weak MI",65,85133.8553799751,85531.7902143736,546.017972440886,23.1702478600454,17,0.143789816187829
"strong MI",72,85178.853106925,85533.933420696,605.015699390838,58.9977269499526,7,2.39234177743359e-10
"strict MI",82,85165.5252872397,85459.3848572571,611.687879705533,6.67218031469463,10,0.755988149076782
