"","loglik","npar","AIC","BIC","cAIC"
"eRm",-17886.5568534511,9,35791.1137069022,35846.2123762804,35855.2123762804
"ltm",-18564.9305323122,10,37149.8610646244,37211.0818083781,NA
