"","loglik","npar","AIC","BIC","cAIC"
"eRm",-17877.2889236332,9,35772.5778472664,35827.6765166447,35836.6765166447
"ltm",-18558.1911100667,10,37136.3822201333,37197.6029638869,NA
