"","loglik","npar","AIC","BIC","cAIC"
"eRm",-17884.6063592622,9,35787.2127185244,35842.3113879027,35851.3113879027
"ltm",-18563.1683909381,10,37146.3367818762,37207.5575256298,NA
